"0","links[1:3]
"
"1","[1]"
"1"," ""https://www.imdb.com/title/tt0111161/?pf_rd_m=A2FGELUUNOQJNL&pf_rd_p=9703a62d-b88a-4e30-ae12-90fcafafa3fc&pf_rd_r=SAS75Z45KR5A35E3GBCN&pf_rd_s=center-1&pf_rd_t=15506&pf_rd_i=top&ref_=chttp_tt_1"""
"1","
"
"1","[2]"
"1"," ""https://www.imdb.com/title/tt0068646/?pf_rd_m=A2FGELUUNOQJNL&pf_rd_p=9703a62d-b88a-4e30-ae12-90fcafafa3fc&pf_rd_r=SAS75Z45KR5A35E3GBCN&pf_rd_s=center-1&pf_rd_t=15506&pf_rd_i=top&ref_=chttp_tt_2"""
"1","
"
"1","[3]"
"1"," ""https://www.imdb.com/title/tt0071562/?pf_rd_m=A2FGELUUNOQJNL&pf_rd_p=9703a62d-b88a-4e30-ae12-90fcafafa3fc&pf_rd_r=SAS75Z45KR5A35E3GBCN&pf_rd_s=center-1&pf_rd_t=15506&pf_rd_i=top&ref_=chttp_tt_3"""
"1","
"
